David,DLNQKVBT@email.com
David,EQLALYVH@email.com
David,OACEEVXS@email.com
David,NSNVIWMP@email.com
David,LUCADRWI@email.com
David,CAIZVTVK@email.com
David,SKTBTTFI@email.com
David,UGKNUBHJ@email.com
David,OKNPQYDS@email.com
David,NFWDYALV@email.com
David,ALQZGSFU@email.com
David,TSWZDOTO@email.com
David,UNEJKETG@email.com
David,HJVSNBLP@email.com
David,QVDFPNGC@email.com
David,YNSBWFSU@email.com
David,YRINGCEI@email.com
David,LMWULEOA@email.com
David,NULVKDBA@email.com
David,DWZUFJPF@email.com
David,FNOYRFET@email.com
David,OEHNTWII@email.com
David,LQBDOONP@email.com
David,WAMEKQDJ@email.com
David,RBDMABEV@email.com
David,WAFRDWVL@email.com
David,FNWXOOSE@email.com
David,JTKOWQIX@email.com
David,HBHBWDFZ@email.com
David,NWRIKWNP@email.com
David,OYZGXVDZ@email.com
David,QCTNWUHQ@email.com
David,NZVQJJSY@email.com
David,TUOCOTMK@email.com
David,CAVVIQTM@email.com
David,KKWARVJV@email.com
David,KOHPJTIC@email.com
David,OOPZAZLW@email.com
David,OTTZCQVO@email.com
David,JYTKUQPQ@email.com
David,HZXJNICN@email.com
David,PJVKMKYI@email.com
David,ACOOIAHO@email.com
David,RQWXAZST@email.com
David,KCKFYUXY@email.com
David,IUOJYRTY@email.com
David,MXTHKBLE@email.com
David,OJNPHSNL@email.com
David,POEKPYWV@email.com
David,UYXYVNGJ@email.com
David,RQXSWQPH@email.com
David,EDKZZRYH@email.com
David,ZMDRMOIT@email.com
David,STZEBHVE@email.com
David,YMCBIJUR@email.com
David,GSUVJYTZ@email.com
David,NQUURHPK@email.com
David,YIAPUOSN@email.com
David,BRMFGAFK@email.com
David,GMUAYXSM@email.com
David,LTIYLFJL@email.com
David,IWEYSUXO@email.com
David,ZKZQPATV@email.com
David,BNLTAQJT@email.com
David,XVADFXQY@email.com
David,QYWRPNDF@email.com
David,KEKPABKR@email.com
David,JESXLDRA@email.com
David,DHJLFCCA@email.com
David,COVLYKGT@email.com
David,RKUFXYDB@email.com
David,RYRBKARB@email.com
David,MULFJBNA@email.com
David,LSSXAJJQ@email.com
David,OJEDDYRE@email.com
David,FWNNOROO@email.com
David,OOTOPGTA@email.com
David,IAUSAMBJ@email.com
David,SKCSRVKY@email.com
David,QHKSKTJW@email.com
David,FLCSNHPD@email.com
David,DQFRGMCX@email.com
David,IWYJKEAL@email.com
David,NTJSKUBI@email.com
David,KNLFXMDV@email.com
David,OLUZZTOT@email.com
David,DZUEGLOT@email.com
David,WTBNHDBY@email.com
David,DTOLSFRJ@email.com
David,KOJIZMWK@email.com
David,YRTBVXQI@email.com
David,GFUABBGA@email.com
David,ZDKTJZUL@email.com
David,RHHJQHSL@email.com
David,PXOKQWWU@email.com
David,CLATROTR@email.com
David,XLGXOOJU@email.com
David,HDIFMOTB@email.com
David,DNQKFMIG@email.com
David,GRPCRUIQ@email.com
